{"sections":{"breadcrumbs":{"type":"breadcrumbs","disabled":true,"settings":{"color_scheme":"scheme-ddfb9831-1628-4c6b-8fa0-df990ecd6ce8","container_type":"container","show_page_title":false,"show_breadcrumb_navigation":true,"text_center":"left","padding_top":35,"padding_bottom":35,"mobile_padding_top":35,"mobile_padding_bottom":35}},"main":{"type":"main-article","blocks":{"featured_image":{"type":"featured_image","settings":{"container":"container","image_height":"medium","corner_radius":0}},"title":{"type":"title","settings":{"blog_show_date":true,"blog_show_author":true,"show_comment":true}},"content":{"type":"content","settings":{}},"share":{"type":"share","settings":{"share_label":"Share","share_link":true,"facebook_share":true,"twitter_share":true,"pinterest_share":true,"alignment":"center"}},"aef65687-1f9a-4d22-abe8-12b0256ae4a5":{"type":"back_to_blog","disabled":true,"settings":{"alignment":"start"}},"22ad31c9-d759-4f1c-b14c-aa1130d39669":{"type":"next_prev","settings":{}}},"block_order":["featured_image","title","content","share","aef65687-1f9a-4d22-abe8-12b0256ae4a5","22ad31c9-d759-4f1c-b14c-aa1130d39669"],"settings":{"page_width":"small","color_scheme":"background-1","padding_top":0,"padding_bottom":100,"mobile_padding_top":0,"mobile_padding_bottom":60}}},"order":["breadcrumbs","main"]}