{"sections":{"breadcrumbs":{"type":"breadcrumbs","settings":{"color_scheme":"scheme-ddfb9831-1628-4c6b-8fa0-df990ecd6ce8","container_type":"container","show_page_title":false,"show_breadcrumb_navigation":true,"text_center":"left","padding_top":50,"padding_bottom":50,"mobile_padding_top":25,"mobile_padding_bottom":25}},"main":{"type":"main-blog","blocks":{"cf236129-3fd6-4b07-9136-1f7711d24b19":{"type":"search","settings":{"wedget_title":"Search"}},"e76ff653-7b68-40ab-bac0-a27e63ea1fd9":{"type":"archive","settings":{"wedget_title":"Archive"}},"378ee4d2-d006-40b9-8f2b-886e0e1a95ae":{"type":"recent_post","settings":{"wedget_title":"Recent Post","recent_post_limit_handle":2,"post_title_len":3}},"7a779d94-26b0-45c9-8c3e-9d6cdbfc1107":{"type":"tag","settings":{"wedget_title":"Tags","blog_tags_list_limit_handle":10}},"8301d77c-a794-42a3-919b-ddc948a5dcc5":{"type":"banner","settings":{"wedget_title":"","banner_image_url":"shopify:\/\/products\/pro-max-sim-tray"}},"037ee6b3-cde3-43bf-bd59-d44e51f84b19":{"type":"menu","disabled":true,"settings":{"wedget_title":"Custom Menu","menu_handle":"footer"}}},"block_order":["cf236129-3fd6-4b07-9136-1f7711d24b19","e76ff653-7b68-40ab-bac0-a27e63ea1fd9","378ee4d2-d006-40b9-8f2b-886e0e1a95ae","7a779d94-26b0-45c9-8c3e-9d6cdbfc1107","8301d77c-a794-42a3-919b-ddc948a5dcc5","037ee6b3-cde3-43bf-bd59-d44e51f84b19"],"settings":{"color_scheme":"background-1","layout":"standard","article_to_show":6,"show_image":true,"image_ratio":"adapt","show_title":true,"show_content":true,"show_date":true,"show_author":true,"show_read_btn":true,"sidebar_handle":"without_sidebar","padding_top":100,"padding_bottom":55,"mobile_padding_top":60,"mobile_padding_bottom":60}},"text_with_icons_zinYUV":{"type":"text-with-icons","blocks":{"feature_UiypGV":{"type":"feature","settings":{"icon_enable":true,"icon":"guarantee","heading":"<p>MONEY BACK<\/p>","text":"30 days money back guarantee"}},"feature_BntRg3":{"type":"feature","settings":{"icon_enable":true,"icon":"users","heading":"<p>FREE SHIPPING<\/p>","text":"On all orders over $75.00"}},"feature_jtfmig":{"type":"feature","settings":{"icon_enable":true,"icon":"support","heading":"<p>BEST SUPPORT<\/p>","text":"Team always ready for you"}}},"block_order":["feature_UiypGV","feature_BntRg3","feature_jtfmig"],"disabled":true,"settings":{"column":"3","content_alignment":"left","icon_position":"left","color_scheme":"background-1","border_show":false,"border_color":"#ffffff","padding_top":0,"padding_bottom":80,"mobile_padding_top":0,"mobile_padding_bottom":45}}},"order":["breadcrumbs","main","text_with_icons_zinYUV"]}