{"sections":{"breadcrumbs":{"type":"breadcrumbs","settings":{"color_scheme":"scheme-ddfb9831-1628-4c6b-8fa0-df990ecd6ce8","container_type":"container","show_page_title":false,"show_breadcrumb_navigation":true,"text_center":"left","padding_top":50,"padding_bottom":50,"mobile_padding_top":25,"mobile_padding_bottom":25}},"cart-items":{"type":"main-cart-items","settings":{"show_vendor":true,"emply_link":"shopify:\/\/collections"}},"cart-footer":{"type":"main-cart-footer","blocks":{"subtotal":{"type":"subtotal","settings":{}},"buttons":{"type":"buttons","settings":{}}},"block_order":["subtotal","buttons"],"settings":{"show_cart_note":true,"shipping_calc_enable":true,"color_scheme":"background-1"}},"16587460092e9edb59":{"type":"featured-collection","settings":{"main_heading":"Featured collection","heading_size":"h1","subtitle":"","alignment":"center","mobile_alignment":"center","collection":"camera-photo","image_ratio":"adapt","image_round_corner":true,"show_secondary_image":true,"show_title":true,"show_price":true,"show_vendor":false,"show_product_rating":true,"show_badges":true,"badge_position":"top-left","show_cart_button":true,"cart_button_style":"style2","cart_button_positon":"bottom_center","show_countdown":false,"timer_color_scheme":"accent-2","place_timer_on_image":false,"color_swatches":true,"products_to_show":4,"products_show_on_xl":"4","products_show_on_sm":"2","slider_enable":false,"auto_rotate":false,"autoplay_time":3,"show_navigation":true,"navigation_button_style":"round","navigation_position":"top","button_background":"#f6cb46","button_text_color":"#ffffff","custom_colors_navigation":false,"nav_foreground":"#121212","nav_background":"#ffffff","show_view_all":false,"button_label":"Shop now","button_style":"primary","button_size":"large","padding_top":90,"padding_bottom":70,"mobile_padding_top":35,"mobile_padding_bottom":30,"color_scheme":"background-1","custom_colors":true,"foreground":"#121212","background":"#ffffff"}}},"order":["breadcrumbs","cart-items","cart-footer","16587460092e9edb59"]}