{"sections":{"banner":{"type":"main-collection-banner","settings":{"color_scheme":"background-2","show_collection_title":true,"show_breadcrumbs":false,"show_collection_description":true,"content_align":"center","show_collection_image":false,"height":"medium","content_overlap_on_image":true,"image_overlay_opacity":50,"full_width":true,"padding_top":50,"padding_bottom":50,"mobile_padding_top":25,"mobile_padding_bottom":25}},"product-grid":{"type":"main-collection-product-grid","settings":{"container_type":"container","color_scheme":"background-1","products_per_page":12,"product_column":"3","product_column_on_mobile":true,"product_view_switcher":false,"icon_color":"#1f0f9a","enable_filtering":false,"filter_type":"vertical","enable_sorting":true,"checked_icon_color":"#181a17","image_ratio":"square","show_secondary_image":true,"show_title":true,"show_price":true,"show_vendor":false,"show_product_rating":false,"show_badges":false,"badge_position":"top-left","show_cart_button":false,"cart_button_positon":"bottom_center","show_countdown":false,"timer_color_scheme":"accent-1","place_timer_on_image":false,"padding_top":100,"padding_bottom":100,"mobile_padding_top":65,"mobile_padding_bottom":60}},"text_with_icons_LtLjWE":{"type":"text-with-icons","blocks":{"feature_apDfVQ":{"type":"feature","settings":{"icon_enable":false,"icon":"guarantee","heading":"<h4><strong>Sélection rigoureuse<\/strong><\/h4>","text":"Chaque produit est choisi pour son potentiel et sa fiabilité"}},"feature_NVFkxA":{"type":"feature","settings":{"icon_enable":false,"icon":"truck","heading":"<h4><strong>Reconditionnement haut de gamme<\/strong><\/h4>","text":"Contrôles internes, composants premium, optimisation selon l’usage"}},"feature_tnwGgB":{"type":"feature","settings":{"icon_enable":false,"icon":"guarantee","heading":"<h4><strong>Tests en charge réelle<\/strong><\/h4>","text":"Aucun produit n’est mis en vente sans validation finale"}},"feature_TXraJr":{"type":"feature","settings":{"icon_enable":false,"icon":"support","heading":"<h4><strong>Support humain & expertise<\/strong><\/h4>","text":"Conseils personnalisés avant et après l’achat"}}},"block_order":["feature_apDfVQ","feature_NVFkxA","feature_tnwGgB","feature_TXraJr"],"name":"Text with icons","settings":{"column":"4","content_alignment":"center","icon_position":"top","color_scheme":"","border_show":true,"border_color":"#e7e7e7","padding_top":70,"padding_bottom":70,"mobile_padding_top":60,"mobile_padding_bottom":60}},"hero_image_with_text_NaaWfq":{"type":"hero-image-with-text","blocks":{"caption_pUXJnQ":{"type":"caption","settings":{"caption":"Trouver le bon matériel","text_style":"subtitle"}},"heading_BktpyU":{"type":"heading","settings":{"headingx":"Comment choisir le bon produit ?","heading_size":"h0"}},"text_UaVfLd":{"type":"text","settings":{"text":"<p>Choisir le bon matériel dépend avant tout de votre usage. Chez MacPlusFrance, chaque référence est testée en conditions réelles pour garantir une sélection fiable et performante. Que vous recherchiez un ordinateur pour le montage vidéo, un appareil photo pour la prise de vue sportive, un objectif polyvalent, une station de travail pour le développement ou un portable dédié à la productivité, chaque type de produit possède ses critères essentiels.<\/p><p>Voici les points majeurs à considérer avant de faire votre choix :<\/p><ol><li><strong>Puissance processeur<\/strong> adaptée à vos logiciels et à l’intensité de vos projets.<br\/><\/li><li><strong>Quantité de RAM<\/strong>, indispensable pour le multitâche, la retouche, le montage ou la 3D.<br\/><\/li><li><strong>Type de SSD et capacité réelle<\/strong>, pour garantir vitesse et longévité.<br\/><\/li><li><strong>Performances graphiques<\/strong>, cruciales pour la vidéo, la photo ou les outils créatifs.<br\/><\/li><li><strong>Capteur et optique<\/strong> pour les appareils photo : précision, réactivité, rendu des couleurs.<br\/><\/li><li><strong>Fiabilité des composants<\/strong>, testés, vérifiés et optimisés dans notre atelier.<\/li><\/ol>","nav_check_list":false}}},"block_order":["caption_pUXJnQ","heading_BktpyU","text_UaVfLd"],"name":"Hero image with text","settings":{"container_type":"container-fluid px-0","image":"shopify:\/\/shop_images\/macbook-pro-ouvert-clairage-lat-ral-contrast-atmosph-re-professionnelle-bureau-bois-fonc-accessoires-premium-style-tr-s-apple-rendu-net-et-technique.png","image_card_corner_radius":0,"height":"adapt","desktop_image_width":"medium","img_spin_active":false,"spin_text":"✦ CRACKED SCREEN ✦ BATTERY ✦ Repairs","layout":"text_first","desktop_content_position":"middle","desktop_content_alignment":"left","full_width":false,"make_section_full_width":true,"container_box_corner_radius":0,"color_scheme":"","img_overlay_active":false,"mobile_content_alignment":"left","padding_top":60,"padding_bottom":60,"mobile_padding_top":60,"mobile_padding_bottom":60}},"scrolling_bar_yhDBfy":{"type":"scrolling-bar","blocks":{"scrolling_bar_iFaJiC":{"type":"scrolling-bar","settings":{"text":"Mac reconditionnés hautes performances","link":"","text_stroke":false}},"scrolling_bar_TPVxVg":{"type":"scrolling-bar","settings":{"text":"Composants d’origine certifiés","link":"","text_stroke":false}},"scrolling_bar_ibcrr4":{"type":"scrolling-bar","settings":{"text":"Optimisation professionnelle","link":"","text_stroke":false}},"scrolling_bar_wLr8Vh":{"type":"scrolling-bar","settings":{"text":"Reconditionnement premium","link":"","text_stroke":false}},"scrolling_bar_jVCDTx":{"type":"scrolling-bar","settings":{"text":"Livraison rapide et sécurisée","link":"","text_stroke":false}}},"block_order":["scrolling_bar_iFaJiC","scrolling_bar_TPVxVg","scrolling_bar_ibcrr4","scrolling_bar_wLr8Vh","scrolling_bar_jVCDTx"],"name":"t:sections.scrolling-bar.name","settings":{"announcement_enable":true,"index":false,"no_index":false,"color_scheme":"inverse","heading_size":"h4","scroll_speed":20,"scroll_direction":"scrolling-left","show_separator_line":false,"marquee_text":true,"section_padding_top":20,"section_padding_bottom":20}},"faq_j9kUCJ":{"type":"faq","blocks":{"accordion_wk9kNq":{"type":"accordion","settings":{"heading":"D’où proviennent vos produits ?","content":"<p>Nos produits proviennent de partenaires fiables et de fournisseurs soigneusement sélectionnés. Chaque article est contrôlé avant sa mise en vente afin de garantir une origine claire et un niveau de qualité conforme à nos exigences.<\/p>"}},"accordion_Mdxjqd":{"type":"accordion","settings":{"heading":"Quelle garantie est proposée ?","content":"<p>Tous nos produits bénéficient d’une garantie incluse. La durée et les modalités peuvent varier selon les références, mais couvrent toujours les défauts matériels et les dysfonctionnements anormaux. Les détails sont précisés sur chaque fiche produit.<\/p><p><br\/><\/p>"}},"accordion_DaMr4B":{"type":"accordion","settings":{"heading":"Puis-je demander une configuration ou une option personnalisée ?","content":"<p>Pour certains produits, des options ou ajustements peuvent être proposés (configuration, accessoires, services associés). Lorsque c’est possible, l’information est indiquée directement sur la fiche produit ou disponible via notre service client.<\/p>"}},"accordion_aT6rtN":{"type":"accordion","settings":{"heading":"Comment vérifiez-vous la qualité et les performances ?","content":"<p>Avant d’être mis en ligne, chaque produit est vérifié :<\/p><p>– tests de fonctionnement,<\/p><p>– contrôles visuels,<\/p><p>– validation des caractéristiques affichées,<\/p><p>– dernier contrôle qualité avant expédition.<\/p><p>Nous ne proposons à la vente que des produits qui répondent à nos critères internes de fiabilité.<\/p>"}}},"block_order":["accordion_wk9kNq","accordion_Mdxjqd","accordion_DaMr4B","accordion_aT6rtN"],"name":"Collapsible content","settings":{"container_type":"container","caption":"MACPLUS FRANCE","heading":"Questions fréquentes sur nos produits","heading_size":"h0","enable_image":true,"image":"shopify:\/\/shop_images\/photo-premium-d-un-macbook-pro-et-d-un-imac-pos-s-sur-un-bureau-minimaliste-sombre-clairage-studio-doux-ambiance-haut-de-gamme-teintes-m-tal-et-noir-profondeur-de-champ-marqu-e-style.png","height":"large","image_position":"left","show_have_qustion":true,"stl_h_q":"Voir toutes les questions →","sub_h_q_title":"","btn__text":"Notre FAQ","h_t_h_button_link":"shopify:\/\/pages\/questions-frequentes","full_width":false,"color_scheme":"","mobile_image_position":"top","padding_top":70,"padding_bottom":70,"mobile_padding_top":60,"mobile_padding_bottom":60}},"scrolling_bar_izkhE4":{"type":"scrolling-bar","blocks":{"scrolling_bar_ndL4Gb":{"type":"scrolling-bar","settings":{"text":"Mac reconditionnés hautes performances","link":"","text_stroke":false}},"scrolling_bar_Xyt6D6":{"type":"scrolling-bar","settings":{"text":"Composants d’origine certifiés","link":"","text_stroke":false}},"scrolling_bar_EzBNkC":{"type":"scrolling-bar","settings":{"text":"Optimisation professionnelle","link":"","text_stroke":false}},"scrolling_bar_tWxqqe":{"type":"scrolling-bar","settings":{"text":"Reconditionnement premium","link":"","text_stroke":false}},"scrolling_bar_b87z9p":{"type":"scrolling-bar","settings":{"text":"Livraison rapide et sécurisée","link":"","text_stroke":false}}},"block_order":["scrolling_bar_ndL4Gb","scrolling_bar_Xyt6D6","scrolling_bar_EzBNkC","scrolling_bar_tWxqqe","scrolling_bar_b87z9p"],"name":"t:sections.scrolling-bar.name","settings":{"announcement_enable":true,"index":false,"no_index":false,"color_scheme":"inverse","heading_size":"h4","scroll_speed":20,"scroll_direction":"scrolling-left","show_separator_line":false,"marquee_text":true,"section_padding_top":20,"section_padding_bottom":20}},"rich_text_EYUzKM":{"type":"rich-text","blocks":{"heading_HCdmzw":{"type":"heading","settings":{"heading":"Envie d’un appareil haut de gamme parfaitement adapté à votre usage?","heading_size":"h1"}},"text_tp8mtb":{"type":"text","settings":{"text":"<p>Nous sommes là pour vous guider vers la configuration ou le matériel qui vous conviendra réellement. Pas de survente, pas de compromis : <strong>juste un conseil honnête, adapté à votre métier et à votre manière de travailler<\/strong><\/p>"}},"button_8WE978":{"type":"button","settings":{"button_label":"Demander conseil","button_link":"shopify:\/\/pages\/contact","button_style":"primary","button_size":"large"}}},"block_order":["heading_HCdmzw","text_tp8mtb","button_8WE978"],"name":"t:sections.rich-text.presets.name","settings":{"color_scheme":"","container_type":"container","padding_top":0,"padding_bottom":0,"mobile_padding_top":0,"mobile_padding_bottom":0}}},"order":["banner","product-grid","text_with_icons_LtLjWE","hero_image_with_text_NaaWfq","scrolling_bar_yhDBfy","faq_j9kUCJ","scrolling_bar_izkhE4","rich_text_EYUzKM"]}