{"sections":{"slideshow_UVXnW7":{"type":"slideshow","blocks":{"slide_rbL6hm":{"type":"slide","settings":{"image":"shopify:\/\/shop_images\/mac-mini-ou-mac-studio-pos-sur-un-bureau-pur-clairage-froid-et-moderne-ambiance-technique-premium-arri-re-plan-l-g-rement-flout.png","subheading":"Qualité supérieure","sub_heading_text_color":"#00d1ff","heading":"Puissance réinventée","heading_size":"h0","heading_position":"top","description":"Découvrez des Macs optimisés pour des performances durables","button_label":"Voir les produits","link":"shopify:\/\/collections\/all","button_type":"primary","button_label_2":"Qui sommes-nous","link_2":"shopify:\/\/pages\/a-propos","button_type_2":"secondary","button_size":"medium","show_text_box":false,"show_image_overlay":true,"color_scheme":"scheme-6cd9bde5-0611-4b9b-8372-c8d571f2d8f0","content_box_alignment":"middle-left","alignment_desktop":"left","content_animation":"fade__in__up","alignment_mobile":"center"}},"slide_FBeMkQ":{"type":"slide","settings":{"image":"shopify:\/\/shop_images\/bo-tier-photo-professionnel-pos-sur-une-surface-sombre-lumi-re-dramatique-ambiance-studio-reflets-m-talliques-style-ultra-premium.png","subheading":"Matériel expert","sub_heading_text_color":"#00d1ff","heading":"Capturez chaque détail","heading_size":"h0","heading_position":"top","description":"Exprimez votre vision grâce à un équipement précis et fiable","button_label":"Voir les produits","link":"shopify:\/\/collections\/all","button_type":"primary","button_label_2":"Qui sommes-nous","link_2":"shopify:\/\/pages\/a-propos","button_type_2":"secondary","button_size":"medium","show_text_box":false,"show_image_overlay":true,"color_scheme":"scheme-6cd9bde5-0611-4b9b-8372-c8d571f2d8f0","content_box_alignment":"middle-left","alignment_desktop":"left","content_animation":"fade__in__up","alignment_mobile":"center"}}},"block_order":["slide_rbL6hm","slide_FBeMkQ"],"name":"Slideshow","settings":{"slide_height":"large","autorotate":true,"autorotate_speed":5,"show_dots":true,"pagination_style":"dots","dots_color":"dark","show_arrows":true,"make_section_full_width":true,"show_img_scale":false,"button_background":"","show_content_below_image":true,"show_mobile_dots":false,"mobile__dots_color":"mobile__dark","show_mobile_nav":true,"mobile__arrow_color":"mobile__dark","padding_top":0,"padding_bottom":0,"mobile_padding_top":0,"mobile_padding_bottom":0}},"scrolling_bar_BzjUcJ":{"type":"scrolling-bar","blocks":{"scrolling_bar_fVPQme":{"type":"scrolling-bar","settings":{"text":"Mac reconditionnés hautes performances","link":"","text_stroke":false}},"scrolling_bar_bdRzJ9":{"type":"scrolling-bar","settings":{"text":"Composants d’origine certifiés","link":"","text_stroke":false}},"scrolling_bar_EHD8tV":{"type":"scrolling-bar","settings":{"text":"Optimisation professionnelle","link":"","text_stroke":false}},"scrolling_bar_keDawr":{"type":"scrolling-bar","settings":{"text":"Reconditionnement premium","link":"","text_stroke":false}},"scrolling_bar_PFTJiQ":{"type":"scrolling-bar","settings":{"text":"Livraison rapide et sécurisée","link":"","text_stroke":false}}},"block_order":["scrolling_bar_fVPQme","scrolling_bar_bdRzJ9","scrolling_bar_EHD8tV","scrolling_bar_keDawr","scrolling_bar_PFTJiQ"],"name":"t:sections.scrolling-bar.name","settings":{"announcement_enable":true,"index":true,"no_index":false,"color_scheme":"scheme-ef8ab2e6-6488-4a4c-a71b-339b3d2ad1c0","heading_size":"h5","scroll_speed":30,"scroll_direction":"scrolling-left","show_separator_line":false,"marquee_text":true,"section_padding_top":20,"section_padding_bottom":20}},"rich_text_jTyFWi":{"type":"rich-text","blocks":{"heading_BCPynJ":{"type":"heading","settings":{"heading":"Moins de produits, mais des machines vraiment exceptionnelles","heading_size":"h0"}},"text_kAYqq3":{"type":"text","settings":{"text":"<p>Macplus est né d’une conviction simple : mieux vaut proposer quelques machines d’exception que des centaines de références moyennes. Nous sélectionnons chaque Mac, chaque appareil photo, chaque objectif pour son potentiel. Nous le démontons, le rééquipons, le testons, jusqu’à ce qu’il atteigne un niveau de performance que vous ne trouverez ni en magasin, ni sur les sites de reconditionné classiques.<\/p>"}}},"block_order":["heading_BCPynJ","text_kAYqq3"],"name":"t:sections.rich-text.presets.name","settings":{"color_scheme":"","container_type":"container","padding_top":0,"padding_bottom":0,"mobile_padding_top":0,"mobile_padding_bottom":0}},"text_with_icons_hDmLPF":{"type":"text-with-icons","blocks":{"feature_kKY6rJ":{"type":"feature","settings":{"icon_enable":false,"icon":"truck","heading":"<p><strong>Sélection stricte<\/strong><\/p>","text":"Seuls les châssis et composants les plus fiables entrent dans notre atelier."}},"feature_GYQN6b":{"type":"feature","settings":{"icon_enable":false,"icon":"guarantee","heading":"<p><strong>Reconstruction maîtrisée<\/strong><\/p>","text":"Upgrades RAM, SSD, cartes, selon des standards techniques professionnels."}},"feature_hbx6LE":{"type":"feature","settings":{"icon_enable":false,"icon":"support","heading":"<p><strong>Tests réels<\/strong><\/p>","text":"Chaque produit est testé en situation réelle avant d’être mis en ligne"}}},"block_order":["feature_kKY6rJ","feature_GYQN6b","feature_hbx6LE"],"name":"Text with icons","settings":{"column":"3","content_alignment":"center","icon_position":"top","color_scheme":"","border_show":true,"border_color":"#e7e7e7","padding_top":0,"padding_bottom":0,"mobile_padding_top":60,"mobile_padding_bottom":60}},"deals_products_list_Mfj6Fk":{"type":"deals-products-list","name":"Deals product list","settings":{"title":"","heading_size":"h1","subtitle":"","alignment":"left","container_type":"container","color_scheme":"","product_list":["macbook-pro-16-m4-max-16-core-cpu-40-core-gpu-48-go-ram-1-to-ssd-configuration-neuve-haut-de-gamme","macbook-pro-16-m4-max-16-core-cpu-40-core-gpu-48-go-ram-1-to-ssd-configuration-neuve-haut-de-gamme-1","macbook-pro-16-m4-max-16-core-cpu-40-core-gpu-48-go-ram-1-to-ssd-configuration-neuve-haut-de-gamme-2","macbook-pro-16-m4-max-16-core-cpu-40-core-gpu-48-go-ram-1-to-ssd-configuration-neuve-haut-de-gamme-3","macbook-pro-16-m4-max-16-core-cpu-40-core-gpu-48-go-ram-1-to-ssd-configuration-neuve-haut-de-gamme-4"],"card_color_scheme":"","image_ratio":"square","show_secondary_image":true,"show_title":true,"show_price":true,"show_vendor":false,"product_cart_button_style":"show-on-hover","show_product_rating":false,"badge_position":"top-left","show_cart_button":false,"cart_button_positon":"bottom_center","show_countdown":false,"products_to_show":3,"products_show_on_xl":"3","products_show_on_sm":"2","slider_enable":true,"show_pagination":false,"show_navigation":true,"auto_rotate":true,"autoplay_time":4,"show_view_all":true,"button_label":"Voir tous nos produits","button_style":"primary","button_size":"large","padding_top":50,"padding_bottom":50,"mobile_padding_top":50,"mobile_padding_bottom":50}},"counter_stats_section_qTyeUy":{"type":"Counter-Stats-Section","blocks":{"counter_item_PePyNT":{"type":"counter_item","settings":{"customers_count":"1000","customers_label":"machines préparées"}},"counter_item_9UUfkm":{"type":"counter_item","settings":{"customers_count":"25","customers_label":"ans d’expérience technique"}},"counter_item_HMwWwN":{"type":"counter_item","settings":{"customers_count":"0","customers_label":"compromis sur les composants"}}},"block_order":["counter_item_PePyNT","counter_item_9UUfkm","counter_item_HMwWwN"],"name":"Counter nubmer section","settings":{"container_type":"container","enable_counter":true,"padding_top":70,"padding_bottom":70,"mobile_padding_top":60,"mobile_padding_bottom":60,"color_scheme":""}},"scrolling_bar_gz4kBy":{"type":"scrolling-bar","blocks":{"scrolling_bar_4ihAGU":{"type":"scrolling-bar","settings":{"text":"Mac reconditionnés hautes performances","link":"","text_stroke":false}},"scrolling_bar_VFaY7y":{"type":"scrolling-bar","settings":{"text":"Composants d’origine certifiés","link":"","text_stroke":false}},"scrolling_bar_rDjJaN":{"type":"scrolling-bar","settings":{"text":"Optimisation professionnelle","link":"","text_stroke":false}},"scrolling_bar_G9mwxL":{"type":"scrolling-bar","settings":{"text":"Reconditionnement premium","link":"","text_stroke":false}},"scrolling_bar_fUc3QX":{"type":"scrolling-bar","settings":{"text":"Livraison rapide et sécurisée","link":"","text_stroke":false}}},"block_order":["scrolling_bar_4ihAGU","scrolling_bar_VFaY7y","scrolling_bar_rDjJaN","scrolling_bar_G9mwxL","scrolling_bar_fUc3QX"],"name":"t:sections.scrolling-bar.name","settings":{"announcement_enable":true,"index":true,"no_index":false,"color_scheme":"scheme-ef8ab2e6-6488-4a4c-a71b-339b3d2ad1c0","heading_size":"h5","scroll_speed":30,"scroll_direction":"scrolling-right","show_separator_line":false,"marquee_text":true,"section_padding_top":20,"section_padding_bottom":20}},"hero_image_with_text_ekKhqp":{"type":"hero-image-with-text","blocks":{"caption_XUzwe3":{"type":"caption","settings":{"caption":"macplus france","text_style":"caption-with-letter-spacing"}},"heading_FLeV9d":{"type":"heading","settings":{"headingx":"Pourquoi nous choisir plutôt que rester sur les marketplaces ?","heading_size":"h1"}},"text_rdnR9R":{"type":"text","settings":{"text":"<p>Nous travaillons depuis des années avec des plateformes comme Fnac et BackMarket. Mais acheter directement sur notre site vous offre des avantages supplémentaires, sans compromettre la sécurité ni la qualité.<\/p><ol><li>Prix optimisés, sans commissions intermédiaires<\/li><li>Un seul atelier, une seule méthode, un interlocuteur unique<\/li><li>Configurations détaillées, testées et documentées<\/li><li>Support direct avec le technicien qui prépare vos machines<\/li><\/ol>","nav_check_list":false}},"button_AP3gmY":{"type":"button","settings":{"button_label":"Voir nos produits","button_link":"shopify:\/\/collections\/all","button_style":"primary","button_size":"small"}}},"block_order":["caption_XUzwe3","heading_FLeV9d","text_rdnR9R","button_AP3gmY"],"name":"Hero image with text","settings":{"container_type":"container-fluid px-0","image":"shopify:\/\/shop_images\/imac-sur-un-bureau-design-fond-sombre-ambiance-studio-cr-atif-lumi-re-directionnelle-accessoires-photo-ou-vid-o-autour-pour-voquer-la-productivit-pro.png","image_card_corner_radius":0,"height":"medium","desktop_image_width":"medium","img_spin_active":false,"spin_text":"✦ CRACKED SCREEN ✦ BATTERY ✦ Repairs","layout":"text_first","desktop_content_position":"middle","desktop_content_alignment":"left","full_width":false,"make_section_full_width":true,"container_box_corner_radius":0,"color_scheme":"","img_overlay_active":true,"mobile_content_alignment":"left","padding_top":70,"padding_bottom":70,"mobile_padding_top":60,"mobile_padding_bottom":60}},"text_with_icons_UiGtfy":{"type":"text-with-icons","blocks":{"feature_jDUNTa":{"type":"feature","settings":{"icon_enable":true,"icon":"box","heading":"<p><strong>Livraison express<\/strong><\/p>","text":"Envoi rapide et suivi sécurisé"}},"feature_Ap9Jyy":{"type":"feature","settings":{"icon_enable":true,"icon":"support","heading":"<p><strong>Support 24\/7<\/strong><\/p>","text":"Assistance réactive, experts disponibles"}},"feature_iWDyVt":{"type":"feature","settings":{"icon_enable":true,"icon":"check","heading":"<p>Garantie incluse<\/p>","text":"Produits testés, certifiés et fiables"}}},"block_order":["feature_jDUNTa","feature_Ap9Jyy","feature_iWDyVt"],"settings":{"column":"3","content_alignment":"left","icon_position":"left","color_scheme":"background-2","border_show":true,"border_color":"#e7e7e7","padding_top":40,"padding_bottom":35,"mobile_padding_top":45,"mobile_padding_bottom":40}}},"order":["slideshow_UVXnW7","scrolling_bar_BzjUcJ","rich_text_jTyFWi","text_with_icons_hDmLPF","deals_products_list_Mfj6Fk","counter_stats_section_qTyeUy","scrolling_bar_gz4kBy","hero_image_with_text_ekKhqp","text_with_icons_UiGtfy"]}