{"sections":{"breadcrumbs":{"type":"breadcrumbs","settings":{"color_scheme":"background-2","container_type":"container","show_page_title":false,"show_breadcrumb_navigation":true,"text_center":"left","padding_top":50,"padding_bottom":50,"mobile_padding_top":25,"mobile_padding_bottom":25}},"main":{"type":"main-list-collections","blocks":{"collection_item_YhM3MJ":{"type":"collection_item","settings":{"collection":"cellphone"}},"e3951533-bc33-4d84-8a0c-e5c455434077":{"type":"collection_item","settings":{"collection":"laptop-computer"}},"collection_item_gkbzni":{"type":"collection_item","settings":{"collection":"speaker-audio"}},"collection_item_txiQUb":{"type":"collection_item","settings":{"collection":"camera-photo"}},"collection_item_tV4qpt":{"type":"collection_item","settings":{"collection":"smartwatches"}},"collection_item_x839rf":{"type":"collection_item","settings":{"collection":"accessories"}},"collection_item_dam7nA":{"type":"collection_item","settings":{"collection":"headphones"}},"collection_item_XtwUzB":{"type":"collection_item","settings":{"collection":"frontpage"}},"collection_item_pkRXYY":{"type":"collection_item","settings":{"collection":"cellphone"}},"collection_item_7BfmeA":{"type":"collection_item","settings":{"collection":"headphones"}}},"block_order":["collection_item_YhM3MJ","e3951533-bc33-4d84-8a0c-e5c455434077","collection_item_gkbzni","collection_item_txiQUb","collection_item_tV4qpt","collection_item_x839rf","collection_item_dam7nA","collection_item_XtwUzB","collection_item_pkRXYY","collection_item_7BfmeA"],"settings":{"collection_type":"selected","layout":"standard","column":"5","product_count":true,"image_ratio":"square","color_scheme":"background-1","title_position":"full--center","collection_show_content_below":true,"content_position_without_image_below":"center","sort":"alphabetical","title":"Collections List","heading_tag":"h2","page_description":""}},"featured_collection_yHAxTz":{"type":"featured-collection","settings":{"main_heading":"Accessories","heading_size":"h1","subtitle":"Best Choice","alignment":"left","mobile_alignment":"center","collection":"accessories","image_ratio":"adapt","image_round_corner":true,"show_secondary_image":true,"show_title":true,"show_price":true,"show_vendor":false,"show_product_rating":true,"show_badges":true,"badge_position":"top-left","show_cart_button":true,"cart_button_style":"style2","cart_button_positon":"bottom_center","show_countdown":false,"timer_color_scheme":"accent-2","place_timer_on_image":false,"color_swatches":true,"products_to_show":8,"products_show_on_xl":"4","products_show_on_sm":"1","slider_enable":true,"auto_rotate":false,"autoplay_time":3,"show_navigation":true,"navigation_button_style":"round","navigation_position":"top","button_background":"#121212","button_text_color":"#ffffff","custom_colors_navigation":true,"nav_foreground":"#ffffff","nav_background":"#00d1ff","show_view_all":false,"button_label":"View all","button_style":"primary","button_size":"large","padding_top":0,"padding_bottom":0,"mobile_padding_top":0,"mobile_padding_bottom":45,"color_scheme":"background-2","custom_colors":true,"foreground":"#121212","background":"#ffffff"}},"featured_collection_YfbXbY":{"type":"featured-collection","settings":{"main_heading":"Headphones","heading_size":"h1","subtitle":"Only For You","alignment":"left","mobile_alignment":"center","collection":"headphones","image_ratio":"adapt","image_round_corner":true,"show_secondary_image":true,"show_title":true,"show_price":true,"show_vendor":false,"show_product_rating":true,"show_badges":true,"badge_position":"top-left","show_cart_button":true,"cart_button_style":"style2","cart_button_positon":"bottom_center","show_countdown":false,"timer_color_scheme":"accent-2","place_timer_on_image":false,"color_swatches":true,"products_to_show":8,"products_show_on_xl":"4","products_show_on_sm":"1","slider_enable":true,"auto_rotate":false,"autoplay_time":3,"show_navigation":true,"navigation_button_style":"round","navigation_position":"top","button_background":"#121212","button_text_color":"#ffffff","custom_colors_navigation":true,"nav_foreground":"#ffffff","nav_background":"#00d1ff","show_view_all":false,"button_label":"View all","button_style":"primary","button_size":"large","padding_top":85,"padding_bottom":0,"mobile_padding_top":0,"mobile_padding_bottom":15,"color_scheme":"background-2","custom_colors":true,"foreground":"#121212","background":"#ffffff"}}},"order":["breadcrumbs","main","featured_collection_yHAxTz","featured_collection_YfbXbY"]}