{"sections":{"breadcrumbs":{"type":"breadcrumbs","settings":{"color_scheme":"background-2","container_type":"container","show_page_title":false,"show_breadcrumb_navigation":true,"text_center":"left","padding_top":50,"padding_bottom":50,"mobile_padding_top":25,"mobile_padding_bottom":25}},"main":{"type":"wishlist","settings":{"color_scheme":"background-1","image_ratio":"adapt","show_secondary_image":true,"show_title":true,"show_price":true,"show_vendor":false,"show_product_rating":true,"show_badges":true,"badge_position":"top-left","show_cart_button":true,"cart_button_positon":"bottom_center","show_countdown":true,"timer_color_scheme":"accent-2","place_timer_on_image":false}}},"order":["breadcrumbs","main"]}