{"sections":{"breadcrumbs":{"type":"breadcrumbs","settings":{"color_scheme":"background-2","container_type":"container","show_page_title":false,"show_breadcrumb_navigation":true,"text_center":"left","padding_top":50,"padding_bottom":50,"mobile_padding_top":50,"mobile_padding_bottom":50}},"main":{"type":"main-page","disabled":true,"settings":{"heading":true,"color_scheme":"background-1","padding_top":40,"padding_bottom":35,"mobile_padding_top":0,"mobile_padding_bottom":0}},"5f8f0b45-b22f-4070-8dd0-30c7589aa42f":{"type":"team-section","blocks":{"instagram_item_ApiHkj":{"type":"instagram_item","settings":{"image":"shopify:\/\/shop_images\/3_5c4f0226-6979-4899-ab95-dbc889d452c7.jpg","member_title":"Jovan Michael","member_designation":"Data specialist","fb_social_link":"#","tw_social_link":"#","yt_social_link":"#"}},"template--14562272215143__5f8f0b45-b22f-4070-8dd0-30c7589aa42f-1672209555162030cd-0":{"type":"instagram_item","settings":{"image":"shopify:\/\/shop_images\/2_a0fde171-a58f-45ae-94a8-a9e209c0c403.jpg","member_title":"Kristopher Bunn","member_designation":"Mac & PC Specialist","fb_social_link":"#","tw_social_link":"#","yt_social_link":"#"}},"template--14562272215143__5f8f0b45-b22f-4070-8dd0-30c7589aa42f-1672209555162030cd-1":{"type":"instagram_item","settings":{"image":"shopify:\/\/shop_images\/team-7.png","member_title":"Cynthia Casey","member_designation":"Phone Specialist","fb_social_link":"#","tw_social_link":"#","yt_social_link":"#"}},"template--14562272215143__5f8f0b45-b22f-4070-8dd0-30c7589aa42f-1672209555162030cd-2":{"type":"instagram_item","settings":{"image":"shopify:\/\/shop_images\/1_4bfe051c-ee7e-449d-9526-d98cafc25d4c.jpg","member_title":"Barbara Hamby","member_designation":"Drone Specialist","fb_social_link":"#","tw_social_link":"#","yt_social_link":"#"}},"instagram_item_8KVJVf":{"type":"instagram_item","settings":{"image":"shopify:\/\/shop_images\/team-5.png","member_title":"Linda Soultin","member_designation":"Mobile Specialist","fb_social_link":"#","tw_social_link":"#","yt_social_link":"#"}},"instagram_item_4MtAJm":{"type":"instagram_item","settings":{"image":"shopify:\/\/shop_images\/4.jpg","member_title":"Nick Rassel","member_designation":"Drone Specialist","fb_social_link":"#","tw_social_link":"#","yt_social_link":"#"}},"instagram_item_p3F7r6":{"type":"instagram_item","settings":{"image":"shopify:\/\/shop_images\/team-8.png","member_title":"Dollie Horton","member_designation":"Marketing Specialist","fb_social_link":"#","tw_social_link":"#","yt_social_link":"#"}},"instagram_item_tMUfGD":{"type":"instagram_item","settings":{"image":"shopify:\/\/shop_images\/team-4.png","member_title":"Neo Tamada","member_designation":"SEO Specialist","fb_social_link":"#","tw_social_link":"#","yt_social_link":"#"}}},"block_order":["instagram_item_ApiHkj","template--14562272215143__5f8f0b45-b22f-4070-8dd0-30c7589aa42f-1672209555162030cd-0","template--14562272215143__5f8f0b45-b22f-4070-8dd0-30c7589aa42f-1672209555162030cd-1","template--14562272215143__5f8f0b45-b22f-4070-8dd0-30c7589aa42f-1672209555162030cd-2","instagram_item_8KVJVf","instagram_item_4MtAJm","instagram_item_p3F7r6","instagram_item_tMUfGD"],"settings":{"color_scheme":"","heading":"Meet Our Experts","heading_size":"h1","subtitle":"OUR TEAM","alignment":"center","image_ratio":"portrait","layout":"standard","column":"4","team_card_corner_radius":10,"auto_rotate":false,"autoplay_time":3,"show_navigation":false,"products_show_on_sm":"1","padding_top":95,"padding_bottom":0,"mobile_padding_top":55,"mobile_padding_bottom":0}},"rich_text_iWrzz7":{"type":"rich-text","blocks":{"heading_HYiDfm":{"type":"heading","settings":{"heading":"Are you ready to take the next step in your career and join a talented, dynamic team?","heading_size":"h1"}},"button_mMMrwY":{"type":"button","settings":{"button_label":"SENd us your resume ","button_link":"shopify:\/\/pages\/contact-us","button_style":"primary","button_size":"medium"}}},"block_order":["heading_HYiDfm","button_mMMrwY"],"settings":{"color_scheme":"background-1","container_type":"container","padding_top":0,"padding_bottom":70,"mobile_padding_top":0,"mobile_padding_bottom":40}}},"order":["breadcrumbs","main","5f8f0b45-b22f-4070-8dd0-30c7589aa42f","rich_text_iWrzz7"]}