{"sections":{"breadcrumbs":{"type":"breadcrumbs","settings":{"color_scheme":"background-2","container_type":"container","show_page_title":false,"show_breadcrumb_navigation":true,"text_center":"left","padding_top":50,"padding_bottom":50,"mobile_padding_top":50,"mobile_padding_bottom":50}},"main":{"type":"main-page","disabled":true,"settings":{"heading":false,"color_scheme":"scheme-68712f09-164f-4499-b1c5-6cc4fc176351","padding_top":40,"padding_bottom":35,"mobile_padding_top":0,"mobile_padding_bottom":0}},"page_LjhhtJ":{"type":"page","settings":{"page":"terms-condition","color_scheme":"background-1","padding_top":90,"padding_bottom":0,"mobile_padding_top":60,"mobile_padding_bottom":60}}},"order":["breadcrumbs","main","page_LjhhtJ"]}