{"sections":{"image_banner_W7UjRA":{"type":"image-banner","blocks":{"heading_FDMdWY":{"type":"heading","settings":{"heading":"à propos de macplus france","heading_size":"h2"}},"text_KHnyrx":{"type":"text","settings":{"text":"<p>Chez <strong>MacPlusFrance<\/strong>, nous pensons qu’un produit technologique doit offrir bien plus que de bonnes performances : il doit être fiable, durable, et parfaitement adapté à vos besoins.<\/p><p>Depuis plus d’une décennie, nous sélectionnons et préparons du matériel informatique et photo avec un niveau d’exigence constant. Chaque appareil est contrôlé, optimisé et validé dans notre atelier avant d’être proposé à la vente.<\/p>","text_style":"body"}},"buttons_Lw6cqh":{"type":"buttons","settings":{"button_label_1":"voir nos produits","button_link_1":"shopify:\/\/collections\/all","button_style_secondary_1":false,"button_label_2":"demander conseil","button_link_2":"shopify:\/\/pages\/contact","button_style_secondary_2":true}}},"block_order":["heading_FDMdWY","text_KHnyrx","buttons_Lw6cqh"],"name":"t:sections.image-banner.presets.name","settings":{"container_type":"container","image":"shopify:\/\/shop_images\/mac-mini-ou-mac-studio-pos-sur-un-bureau-pur-clairage-froid-et-moderne-ambiance-technique-premium-arri-re-plan-l-g-rement-flout.png","image_overlay_opacity":30,"image_height":"medium","desktop_content_position":"middle-center","show_text_box":true,"desktop_content_alignment":"center","color_scheme":"","show_filter_box":false,"corner_radius":10,"mobile_content_alignment":"center","stack_images_on_mobile":true,"show_text_below":true}},"counter_stats_section_xYVUwE":{"type":"Counter-Stats-Section","blocks":{"counter_item_VNMaTQ":{"type":"counter_item","settings":{"customers_count":"1000","customers_label":"machines préparées"}},"counter_item_MhwjQq":{"type":"counter_item","settings":{"customers_count":"25","customers_label":"ans d’expérience technique"}},"counter_item_FeTyMa":{"type":"counter_item","settings":{"customers_count":"0","customers_label":"compromis sur les composants"}}},"block_order":["counter_item_VNMaTQ","counter_item_MhwjQq","counter_item_FeTyMa"],"settings":{"container_type":"container","enable_counter":true,"padding_top":70,"padding_bottom":70,"mobile_padding_top":60,"mobile_padding_bottom":60,"color_scheme":"background-1"}},"scrolling_bar_pJzQrN":{"type":"scrolling-bar","blocks":{"scrolling_bar_iYQ7zm":{"type":"scrolling-bar","settings":{"text":"Reconditionnement premium","link":"","text_stroke":false}},"scrolling_bar_yAr9eM":{"type":"scrolling-bar","settings":{"text":"Livraison rapide et sécurisée","link":"","text_stroke":false}},"scrolling_bar_cwWwjc":{"type":"scrolling-bar","settings":{"text":"Mac reconditionnés hautes performances","link":"","text_stroke":false}},"scrolling_bar_hHzQWa":{"type":"scrolling-bar","settings":{"text":"Composants d’origine certifiés","link":"","text_stroke":false}},"scrolling_bar_PedBpL":{"type":"scrolling-bar","settings":{"text":"Optimisation professionnelle","link":"","text_stroke":false}}},"block_order":["scrolling_bar_iYQ7zm","scrolling_bar_yAr9eM","scrolling_bar_cwWwjc","scrolling_bar_hHzQWa","scrolling_bar_PedBpL"],"name":"t:sections.scrolling-bar.name","settings":{"announcement_enable":true,"index":false,"no_index":false,"color_scheme":"scheme-ef8ab2e6-6488-4a4c-a71b-339b3d2ad1c0","heading_size":"h4","scroll_speed":30,"scroll_direction":"scrolling-left","show_separator_line":true,"marquee_text":true,"section_padding_top":20,"section_padding_bottom":20}},"image_with_text_xWRnUk":{"type":"image-with-text","blocks":{"caption_EmXLHk":{"type":"caption","settings":{"caption":"Macplus france","text_style":"caption-with-letter-spacing"}},"heading_rVFBCx":{"type":"heading","settings":{"heading":"<p>Un technicien passionné, deux décennies d’expertise, une vision : mieux reconditionner<\/p>","heading_size":"h2"}},"text_ikTnbm":{"type":"text","settings":{"text":"<p>Derrière Macplus, il y a Daniel. Ingénieur de formation, passionné de technologie depuis plus de 25 ans, il a toujours aimé comprendre comment les machines fonctionnent réellement. Longtemps avant la mode du reconditionné, il démontait déjà les Macs, les optimisait, testait de nouvelles combinaisons de RAM, SSD, cartes graphiques et composants premium pour obtenir des performances que l’on ne trouve pas en magasin<\/p>","nav_check_list":false}}},"block_order":["caption_EmXLHk","heading_rVFBCx","text_ikTnbm"],"settings":{"container_type":"container","image":"shopify:\/\/shop_images\/1_1_1_copie.jpg","image_card_corner_radius":10,"height":"medium","desktop_image_width":"medium","layout":"image_first","desktop_content_position":"middle","desktop_content_alignment":"left","full_width":false,"make_section_full_width":true,"container_box_corner_radius":0,"progress_bar_show":false,"pb_title1":"CLIENTS SATISFAITS","pb_count1":"99","pb_title2":"+25","pb_count2":"100","color_scheme":"background-1","mobile_content_alignment":"left","padding_top":100,"padding_bottom":50,"mobile_padding_top":60,"mobile_padding_bottom":0}},"image_with_text_Kn4PUm":{"type":"image-with-text","blocks":{"caption_t6f8ki":{"type":"caption","settings":{"caption":"Macplus france","text_style":"caption-with-letter-spacing"}},"text_NGgGW7":{"type":"text","settings":{"text":"<p>Son approche n’est pas industrielle. Elle est artisanale, méthodique, rigoureuse. Chaque produit est choisi, démonté, contrôlé, reconstruit et validé par ses soins. C’est cette exigence — presque obsessionnelle — qui fait la différence et qui a donné naissance à Macplus<\/p><ol><li>La fiabilité avant tout.<\/li><li>Des performances réelles, pas des promesses marketing.<\/li><li>La satisfaction de donner une seconde vie à du matériel exceptionnel.<\/li><\/ol>","nav_check_list":false}}},"block_order":["caption_t6f8ki","text_NGgGW7"],"settings":{"container_type":"container","image":"shopify:\/\/shop_images\/1_1_1_copie.jpg","image_card_corner_radius":10,"height":"small","desktop_image_width":"medium","layout":"text_first","desktop_content_position":"middle","desktop_content_alignment":"left","full_width":false,"make_section_full_width":true,"container_box_corner_radius":0,"progress_bar_show":false,"pb_title1":"CLIENTS SATISFAITS","pb_count1":"99","pb_title2":"+25","pb_count2":"100","color_scheme":"background-1","mobile_content_alignment":"left","padding_top":0,"padding_bottom":110,"mobile_padding_top":60,"mobile_padding_bottom":0}},"testimonials_2_RaNLqT":{"type":"testimonials-2","blocks":{"testimonial_GaTAqa":{"type":"testimonial","settings":{"heading":"<p>Nikon D6 Boîtier DSLR Caméra as new condition 1000 clics warranty 12 month<\/p>","text":"<p>“Good product photos and a good description. Communication was excellent. The shipping packaging was also sturdy. Shipped very quickly. Highly recommended.”<\/p>","rating":"5","author_image":false,"author_name":"m***3","author_designation":"Achat vérifié","verified__icon":true}},"testimonial_Ah4RJy":{"type":"testimonial","settings":{"heading":"<p>Nikon D6 Boîtier DSLR Caméra as new condition 1000 clics warranty 12 month<\/p>","text":"<p>\"The item was well described and included good photos. It was well packaged and shipped quickly. Highly recommended.\"<\/p>","rating":"5","author_image":false,"author_name":"Karen Summers","author_designation":"Achat vérifié","verified__icon":true}},"testimonial_FTjaNB":{"type":"testimonial","settings":{"heading":"<p>MacBook Pro 16” M1 Max – 64Go RAM \/ 1To SSD - Comme Neuf – Garantie - Toutes lan<\/p>","text":"<p>\"Vendeur très réactif il m’a envoyé l’ordinateur le jour où je l’ai commandé. L’ordianateur est en excellent état.\"<\/p>","rating":"5","author_image":false,"author_name":"g***3","author_designation":"Achat vérifié","verified__icon":true}},"testimonial_bGbDLJ":{"type":"testimonial","settings":{"heading":"<p>AS NEW Nikon D5 XQD VERSION 20.8MP DSLR Camera Body ShutterCount 200<\/p>","text":"<p>\"l'articolo è arrivato praticamente come se fosse nuovo per non parlare dell'imballo, perfetto. Non c'è niente da fare i giapponesi si distinguono come persone oneste educate e rispettose. Grazie\"<\/p>","rating":"5","author_image":false,"author_name":"0***-","author_designation":"Achat vérifié","verified__icon":false}}},"block_order":["testimonial_GaTAqa","testimonial_Ah4RJy","testimonial_FTjaNB","testimonial_bGbDLJ"],"settings":{"heading":"ils nous ont fait confiance","heading_size":"h0","subtitle":"TÉMOIGNAGES CLIENTS","alignment":"left","mobile_alignment":"center","products_show_on_xl":"2","card_color_scheme":"background-1","background_fit":true,"image_round_corner":true,"box_shadow":true,"rating_color":"#00d1ff","auto_rotate":true,"autoplay_time":3,"show_navigation":true,"navigation_position":"top","button_background":"#000000","custom_colors_navigation":true,"nav_foreground":"#ffffff","nav_background":"#00d1ff","padding_top":70,"padding_bottom":70,"mobile_padding_top":60,"mobile_padding_bottom":30,"color_scheme":"background-2"}},"scrolling_bar_Dz8k9t":{"type":"scrolling-bar","blocks":{"scrolling_bar_9BQcVX":{"type":"scrolling-bar","settings":{"text":"Reconditionnement premium","link":"","text_stroke":false}},"scrolling_bar_rtVMir":{"type":"scrolling-bar","settings":{"text":"Livraison rapide et sécurisée","link":"","text_stroke":false}},"scrolling_bar_a8rrR9":{"type":"scrolling-bar","settings":{"text":"Mac reconditionnés hautes performances","link":"","text_stroke":false}},"scrolling_bar_FTpYfW":{"type":"scrolling-bar","settings":{"text":"Composants d’origine certifiés","link":"","text_stroke":false}},"scrolling_bar_9ah7bw":{"type":"scrolling-bar","settings":{"text":"Optimisation professionnelle","link":"","text_stroke":false}}},"block_order":["scrolling_bar_9BQcVX","scrolling_bar_rtVMir","scrolling_bar_a8rrR9","scrolling_bar_FTpYfW","scrolling_bar_9ah7bw"],"name":"t:sections.scrolling-bar.name","settings":{"announcement_enable":true,"index":false,"no_index":false,"color_scheme":"scheme-ef8ab2e6-6488-4a4c-a71b-339b3d2ad1c0","heading_size":"h4","scroll_speed":30,"scroll_direction":"scrolling-left","show_separator_line":true,"marquee_text":true,"section_padding_top":20,"section_padding_bottom":20}},"rich_text_3cBUYL":{"type":"rich-text","blocks":{"heading_LXejjq":{"type":"heading","settings":{"heading":"Nous ne vendons pas beaucoup de produits. Nous vendons les bons produits","heading_size":"h0"}},"text_knmfUW":{"type":"text","settings":{"text":"<p>Macplus n’a pas vocation à proposer des milliers de références. Ce n’est ni notre modèle, ni notre ambition. Nous préférons sélectionner une poignée de machines, de boîtiers et d’objectifs qui méritent vraiment d’être remis sur le marché. Des produits fiables, techniquement sains, avec un potentiel réel d’upgrade et de longévité<\/p>"}},"button_3nN6qm":{"type":"button","settings":{"button_label":"Voir nos produits","button_link":"shopify:\/\/collections\/all","button_style":"primary","button_size":"large"}}},"block_order":["heading_LXejjq","text_knmfUW","button_3nN6qm"],"name":"t:sections.rich-text.presets.name","settings":{"color_scheme":"","container_type":"container","padding_top":0,"padding_bottom":0,"mobile_padding_top":0,"mobile_padding_bottom":0}},"text_with_icons_6P7yPq":{"type":"text-with-icons","blocks":{"feature_Dhnqmn":{"type":"feature","settings":{"icon_enable":false,"icon":"truck","heading":"<h4>Sélection stricte<\/h4>","text":"Nous rejetons plus de 60 % des produits que nous examinons"}},"feature_Ma8zi6":{"type":"feature","settings":{"icon_enable":false,"icon":"guarantee","heading":"<h4>Transparence totale<\/h4>","text":"Nous indiquons clairement l’état, l’historique et les performances."}},"feature_6a7NVp":{"type":"feature","settings":{"icon_enable":false,"icon":"support","heading":"<h4>Performance avant tout<\/h4>","text":"Chaque machine est pensée pour un usage : photo, vidéo, 3D, dev, productivité."}}},"block_order":["feature_Dhnqmn","feature_Ma8zi6","feature_6a7NVp"],"name":"Text with icons","settings":{"column":"3","content_alignment":"center","icon_position":"top","color_scheme":"","border_show":true,"border_color":"#e7e7e7","padding_top":70,"padding_bottom":70,"mobile_padding_top":60,"mobile_padding_bottom":60}},"main":{"type":"main-page","disabled":true,"settings":{"heading":true,"color_scheme":"background-2","padding_top":40,"padding_bottom":40,"mobile_padding_top":0,"mobile_padding_bottom":0}},"breadcrumbs":{"type":"breadcrumbs","disabled":true,"settings":{"color_scheme":"scheme-ddfb9831-1628-4c6b-8fa0-df990ecd6ce8","container_type":"container","show_page_title":false,"show_breadcrumb_navigation":false,"text_center":"left","padding_top":55,"padding_bottom":50,"mobile_padding_top":25,"mobile_padding_bottom":25}}},"order":["image_banner_W7UjRA","counter_stats_section_xYVUwE","scrolling_bar_pJzQrN","image_with_text_xWRnUk","image_with_text_Kn4PUm","testimonials_2_RaNLqT","scrolling_bar_Dz8k9t","rich_text_3cBUYL","text_with_icons_6P7yPq","main","breadcrumbs"]}