{"sections":{"breadcrumbs":{"type":"breadcrumbs","disabled":true,"settings":{"color_scheme":"background-2","container_type":"container","show_page_title":false,"show_breadcrumb_navigation":true,"text_center":"left","padding_top":50,"padding_bottom":50,"mobile_padding_top":25,"mobile_padding_bottom":25}},"image_banner_6EYpqz":{"type":"image-banner","blocks":{"heading_9Hcfzw":{"type":"heading","settings":{"heading":"Questions fréquentes — Tout savoir avant d’acheter chez Macplus","heading_size":"h0"}},"text_qaRm7e":{"type":"text","settings":{"text":"<p>Acheter un Mac ou du matériel photo reconditionné haut de gamme mérite des réponses claires. Sur cette page, nous avons regroupé les questions les plus fréquentes de nos clients, afin que vous sachiez exactement comment nous travaillons, ce que vous achetez et à quoi vous attendre.<\/p>","text_style":"body"}}},"block_order":["heading_9Hcfzw","text_qaRm7e"],"name":"t:sections.image-banner.presets.name","settings":{"container_type":"container","image":"shopify:\/\/shop_images\/photo-premium-d-un-macbook-pro-et-d-un-imac-pos-s-sur-un-bureau-minimaliste-sombre-clairage-studio-doux-ambiance-haut-de-gamme-teintes-m-tal-et-noir-profondeur-de-champ-marqu-e-style.png","image_overlay_opacity":50,"image_height":"medium","desktop_content_position":"middle-center","show_text_box":true,"desktop_content_alignment":"center","color_scheme":"","show_filter_box":false,"corner_radius":10,"mobile_content_alignment":"center","stack_images_on_mobile":true,"show_text_below":true}},"main":{"type":"main-page","disabled":true,"settings":{"heading":false,"color_scheme":"background-1","padding_top":40,"padding_bottom":35,"mobile_padding_top":0,"mobile_padding_bottom":0}},"faq_KyBCcC":{"type":"faq","blocks":{"accordion_MF7dY6":{"type":"accordion","settings":{"heading":"Qu’est-ce qu’un produit reconditionné chez Macplus ?","content":"<p>Un produit reconditionné chez Macplus est un appareil sélectionné, démonté, contrôlé, optimisé et testé par un technicien expérimenté. Contrairement au reconditionnement industriel, chaque produit passe par un processus rigoureux incluant des tests prolongés en conditions réelles afin de garantir fiabilité, stabilité et performance.<\/p>"}},"accordion_pGGzwR":{"type":"accordion","settings":{"heading":"Quelle est la différence entre Macplus et les autres plateformes de reconditionné ?","content":"<p>Macplus est un atelier technique indépendant. Nous ne travaillons pas à la chaîne et n’avons pas d’objectif de volume. Chaque machine est traitée individuellement, optimisée selon ses capacités réelles, et validée après plusieurs heures de tests. C’est cette approche artisanale et experte qui fait la différence.<\/p>"}},"accordion_GcAGGc":{"type":"accordion","settings":{"heading":"Les composants sont-ils d’origine ?","content":"<p>Oui. Nous utilisons exclusivement des composants d’origine ou des composants premium strictement compatibles avec les standards Apple ou constructeurs. Aucune pièce générique bas de gamme n’est installée sur nos produits.<\/p>"}},"accordion_DXKwYU":{"type":"accordion","settings":{"heading":"Les machines sont-elles réellement optimisées ?","content":"<p>Oui. L’optimisation ne se limite pas à un ajout de RAM ou de SSD. Elle inclut :<\/p><ul><li>nettoyage interne complet,<br\/><\/li><li>remplacement de la pâte thermique par une pâte premium,<br\/><\/li><li>amélioration de la dissipation thermique,<br\/><\/li><li>calibration logicielle,<br\/><\/li><li>tests CPU\/GPU prolongés.<\/li><\/ul>"}}},"block_order":["accordion_MF7dY6","accordion_pGGzwR","accordion_GcAGGc","accordion_DXKwYU"],"name":"Collapsible content","settings":{"container_type":"container","caption":"","heading":"Produits & reconditionnement","heading_size":"h1","enable_image":false,"height":"adapt","image_position":"right","show_have_qustion":false,"stl_h_q":"Still Have Questions?","sub_h_q_title":"Feel free to ask any questions you have!","btn__text":"here to help","h_t_h_button_link":"","full_width":true,"color_scheme":"","mobile_image_position":"top","padding_top":40,"padding_bottom":70,"mobile_padding_top":30,"mobile_padding_bottom":30}},"faq_H8Fyh4":{"type":"faq","blocks":{"accordion_8VbWgY":{"type":"accordion","settings":{"heading":"Comment évaluez-vous l’état esthétique des produits ?","content":"<p>Nous classons l’état esthétique de manière honnête et précise :<\/p><ul><li><strong>Excellent<\/strong> : quasi aucune trace visible<br\/><\/li><li><strong>Très bon<\/strong> : légères micro-traces possibles<br\/><\/li><li><strong>Bon<\/strong> : traces d’usage visibles mais sans impact fonctionnel<br\/><\/li><\/ul><p>Chaque fiche produit contient des photos réelles afin d’éviter toute mauvaise surprise.<\/p>"}},"accordion_xUjgjA":{"type":"accordion","settings":{"heading":"Les photos sont-elles celles du produit réel ?","content":"<p>Oui.<\/p><p>Nous privilégions les photos réelles de chaque appareil lorsque cela est possible, afin que vous sachiez exactement ce que vous achetez.<\/p>"}}},"block_order":["accordion_8VbWgY","accordion_xUjgjA"],"name":"Collapsible content","settings":{"container_type":"container","caption":"","heading":"État esthétique & transparence","heading_size":"h1","enable_image":false,"height":"adapt","image_position":"right","show_have_qustion":false,"stl_h_q":"Still Have Questions?","sub_h_q_title":"Feel free to ask any questions you have!","btn__text":"here to help","h_t_h_button_link":"","full_width":true,"color_scheme":"","mobile_image_position":"top","padding_top":40,"padding_bottom":70,"mobile_padding_top":30,"mobile_padding_bottom":30}},"faq_hmw7ze":{"type":"faq","blocks":{"accordion_4xeHCd":{"type":"accordion","settings":{"heading":"Quels moyens de paiement acceptez-vous ?","content":"<p>Nous acceptons les paiements par carte bancaire via une plateforme sécurisée.<\/p><p>Le paiement est chiffré et conforme aux normes en vigueur.<\/p>"}},"accordion_TFBqkC":{"type":"accordion","settings":{"heading":"Puis-je payer en plusieurs fois ?","content":"<p>Selon le produit et le montant, le paiement en plusieurs fois peut être proposé via nos partenaires de paiement.<\/p><p>Les options disponibles s’affichent directement lors du passage en caisse.<\/p>"}},"accordion_haAMJG":{"type":"accordion","settings":{"heading":"Ma commande est-elle confirmée immédiatement ?","content":"<p>Oui.<\/p><p>Dès validation du paiement, vous recevez un e-mail de confirmation contenant le récapitulatif de votre commande.<\/p>"}}},"block_order":["accordion_4xeHCd","accordion_TFBqkC","accordion_haAMJG"],"name":"Collapsible content","settings":{"container_type":"container","caption":"","heading":"Commandes & paiement","heading_size":"h1","enable_image":false,"height":"adapt","image_position":"right","show_have_qustion":false,"stl_h_q":"Still Have Questions?","sub_h_q_title":"Feel free to ask any questions you have!","btn__text":"here to help","h_t_h_button_link":"","full_width":true,"color_scheme":"","mobile_image_position":"top","padding_top":40,"padding_bottom":70,"mobile_padding_top":30,"mobile_padding_bottom":30}},"faq_HwTQTd":{"type":"faq","blocks":{"accordion_xUyJLW":{"type":"accordion","settings":{"heading":"Quels sont les délais de livraison ?","content":"<p>Les commandes sont généralement expédiées sous 24 à 48 heures ouvrées.<\/p><p>Le délai de livraison dépend ensuite du transporteur choisi et de votre localisation.<\/p>"}},"accordion_t4ggdr":{"type":"accordion","settings":{"heading":"Les produits sont-ils bien protégés pour le transport ?","content":"<p>Oui.<\/p><p>Chaque produit est emballé avec soin dans un packaging renforcé afin d’éviter tout dommage pendant le transport.<\/p>"}},"accordion_CrFGDQ":{"type":"accordion","settings":{"heading":"Puis-je retourner un produit si je change d’avis ?","content":"<p>Oui.<\/p><p>Conformément à la législation, vous disposez d’un délai de 14 jours après réception pour exercer votre droit de rétractation, à condition que le produit soit retourné dans son état d’origine.<\/p>"}}},"block_order":["accordion_xUyJLW","accordion_t4ggdr","accordion_CrFGDQ"],"name":"Collapsible content","settings":{"container_type":"container","caption":"","heading":"Livraison & retours","heading_size":"h1","enable_image":false,"height":"adapt","image_position":"right","show_have_qustion":false,"stl_h_q":"Still Have Questions?","sub_h_q_title":"Feel free to ask any questions you have!","btn__text":"here to help","h_t_h_button_link":"","full_width":true,"color_scheme":"","mobile_image_position":"top","padding_top":40,"padding_bottom":70,"mobile_padding_top":30,"mobile_padding_bottom":30}},"faq_aQBB7A":{"type":"faq","blocks":{"accordion_cXLdxr":{"type":"accordion","settings":{"heading":"Quelle est la durée de garantie ?","content":"<p>Tous les produits Macplus bénéficient d’une garantie minimale de <strong>12 mois<\/strong>, couvrant les défauts matériels non liés à une mauvaise utilisation.<\/p>"}},"accordion_WciUcJ":{"type":"accordion","settings":{"heading":"Comment fonctionne le SAV Macplus ?","content":"<p>Notre SAV est assuré par des techniciens.<\/p><p>En cas de souci, vous échangez avec une personne compétente qui connaît réellement le produit, et non avec un centre d’appel externalisé.<\/p>"}},"accordion_gyHJJp":{"type":"accordion","settings":{"heading":"Puis-je prolonger la garantie ?","content":"<p>Selon le produit, des extensions de garantie peuvent être proposées.<\/p><p>N’hésitez pas à nous contacter avant ou après votre achat.<\/p>"}}},"block_order":["accordion_cXLdxr","accordion_WciUcJ","accordion_gyHJJp"],"name":"Collapsible content","settings":{"container_type":"container","caption":"","heading":"Garantie & service après-vente","heading_size":"h1","enable_image":false,"height":"adapt","image_position":"right","show_have_qustion":false,"stl_h_q":"Still Have Questions?","sub_h_q_title":"Feel free to ask any questions you have!","btn__text":"here to help","h_t_h_button_link":"","full_width":true,"color_scheme":"","mobile_image_position":"top","padding_top":40,"padding_bottom":70,"mobile_padding_top":30,"mobile_padding_bottom":30}}},"order":["breadcrumbs","image_banner_6EYpqz","main","faq_KyBCcC","faq_H8Fyh4","faq_hmw7ze","faq_HwTQTd","faq_aQBB7A"]}