{"sections":{"breadcrumbs":{"type":"breadcrumbs","settings":{"color_scheme":"background-2","container_type":"container","show_page_title":false,"show_breadcrumb_navigation":true,"text_center":"left","padding_top":50,"padding_bottom":50,"mobile_padding_top":50,"mobile_padding_bottom":50}},"main":{"type":"main-page","disabled":true,"settings":{"heading":true,"color_scheme":"scheme-68712f09-164f-4499-b1c5-6cc4fc176351","padding_top":40,"padding_bottom":35,"mobile_padding_top":0,"mobile_padding_bottom":0}},"image_banner_2_yyErK4":{"type":"image-banner-2","blocks":{"caption_HyAfqh":{"type":"caption","settings":{"caption":"Add A Tagline","text_style":"subtitle","text_size":"small"}},"heading_GTGxcR":{"type":"heading","settings":{"heading":"Image banner","heading_size":"h0"}},"text_kfRJp7":{"type":"text","settings":{"text":"<p>Pair text with an image to focus on your chosen product, collection, or blog post. Add details on availability, style, or even provide a review.<\/p>"}},"button_KHxXYA":{"type":"button","settings":{"button_label":"Button label","button_link":"","button_style":"primary","button_size":"small","video_button":true,"video_url":"https:\/\/www.youtube.com\/watch?v=_9VUPq3SxOc"}}},"block_order":["caption_HyAfqh","heading_GTGxcR","text_kfRJp7","button_KHxXYA"],"settings":{"image_height":"large","show_space_between_image":true,"layout":"image_first","full_width":false,"show_space_between_image_on_mobile":true,"padding_top":100,"padding_bottom":100,"mobile_padding_top":50,"mobile_padding_bottom":50,"color_scheme":"background-1","background_gradient":""}},"hero_image_with_text_pdY9x4":{"type":"hero-image-with-text","blocks":{"caption_QgaXdp":{"type":"caption","settings":{"caption":"The Perfect Subtitle","text_style":"subtitle"}},"heading_KRxjzj":{"type":"heading","settings":{"headingx":"Image Banner <br>Sustainable Item","heading_size":"h0"}},"text_CWRYze":{"type":"text","settings":{"text":"<p>We sustainably and ethically source our ingredients, to create clean and sustainable products that are good for your skin and good for the planet.<\/p>","nav_check_list":false}},"button_YJbApP":{"type":"button","settings":{"button_label":"Shop Now","button_link":"","button_style":"primary","button_size":"small"}}},"block_order":["caption_QgaXdp","heading_KRxjzj","text_CWRYze","button_YJbApP"],"settings":{"container_type":"container-fluid px-0","image_card_corner_radius":0,"height":"adapt","desktop_image_width":"medium","layout":"text_first","desktop_content_position":"middle","desktop_content_alignment":"left","full_width":false,"make_section_full_width":true,"container_box_corner_radius":0,"color_scheme":"background-1","mobile_content_alignment":"left","padding_top":0,"padding_bottom":100,"mobile_padding_top":0,"mobile_padding_bottom":0}}},"order":["breadcrumbs","main","image_banner_2_yyErK4","hero_image_with_text_pdY9x4"]}