{"sections":{"breadcrumbs":{"type":"breadcrumbs","settings":{"color_scheme":"background-2","container_type":"container","show_page_title":false,"show_breadcrumb_navigation":true,"text_center":"left","padding_top":50,"padding_bottom":50,"mobile_padding_top":50,"mobile_padding_bottom":50}},"main":{"type":"main-page","disabled":true,"settings":{"heading":true,"color_scheme":"scheme-68712f09-164f-4499-b1c5-6cc4fc176351","padding_top":40,"padding_bottom":35,"mobile_padding_top":0,"mobile_padding_bottom":0}},"multicolumn_ntBPkB":{"type":"multicolumn","blocks":{"column_TUawAe":{"type":"column","settings":{"image":"shopify:\/\/shop_images\/1_87a6a481-12fb-4e72-8b4e-c0f73f996916.jpg","icon_image":"shopify:\/\/shop_images\/repairing_a4df3e47-027f-425e-925c-247bb038d64d.png","column_bg_color":"#f4f6f6","subtitle":"","title":"Phone Repair Service","text":"<p>We take pride in building lasting relationships our customers always feel valued and cared for.<\/p>","link_label":"View Service","link":"shopify:\/\/products\/gnarly-shoes","button_type":"icon","button_size":"small","style_two":true}},"column_33UVDr":{"type":"column","settings":{"image":"shopify:\/\/shop_images\/3.jpg","icon_image":"shopify:\/\/shop_images\/laptop_c318d814-6e7f-4203-9fdb-9bb59c72616d.png","column_bg_color":"#f4f6f6","subtitle":"","title":"Macbook Repair Service","text":"<p>We take pride in building lasting relationships our customers always feel valued and cared for.<\/p>","link_label":"View Service","link":"","button_type":"icon","button_size":"small","style_two":true}},"column_78K6UN":{"type":"column","settings":{"image":"shopify:\/\/shop_images\/2.jpg","icon_image":"shopify:\/\/shop_images\/ipad_6a1e3c3e-93e3-4a42-b3af-c1eed9d69174.png","column_bg_color":"#f4f6f6","subtitle":"","title":"Tablet Repair Service","text":"<p>We take pride in building lasting relationships our customers always feel valued and cared for.<\/p>","link_label":"View Service","link":"","button_type":"icon","button_size":"small","style_two":true}},"column_bUpKer":{"type":"column","settings":{"image":"shopify:\/\/shop_images\/4.jpg","icon_image":"shopify:\/\/shop_images\/pc-tower_be4c906a-3acf-4aaa-8f54-9d3d2c4b1afb.png","column_bg_color":"#f4f6f6","subtitle":"","title":"Computer Repair Service","text":"<p>We take pride in building lasting relationships our customers always feel valued and cared for.<\/p>","link_label":"View Service","link":"shopify:\/\/products\/gnarly-shoes","button_type":"icon","button_size":"small","style_two":true}},"column_anwtzW":{"type":"column","settings":{"image":"shopify:\/\/shop_images\/6.jpg","icon_image":"shopify:\/\/shop_images\/drone_9a567ccc-c571-4d75-b564-1892d1a13eb5.png","column_bg_color":"#f4f6f6","subtitle":"","title":"Drone Repair Service","text":"<p>We take pride in building lasting relationships our customers always feel valued and cared for.<\/p>","link_label":"View Service","link":"shopify:\/\/products\/gnarly-shoes","button_type":"icon","button_size":"small","style_two":true}},"column_HUbeaD":{"type":"column","settings":{"image":"shopify:\/\/shop_images\/5.1.jpg","icon_image":"shopify:\/\/shop_images\/repair_adf9d01e-a9df-4ca0-95ed-6ce5b9d0e662.png","column_bg_color":"#f4f6f6","subtitle":"","title":"Watch Repair Service","text":"<p>We take pride in building lasting relationships our customers always feel valued and cared for.<\/p>","link_label":"View Service","link":"shopify:\/\/products\/gnarly-shoes","button_type":"icon","button_size":"small","style_two":true}}},"block_order":["column_TUawAe","column_33UVDr","column_78K6UN","column_bUpKer","column_anwtzW","column_HUbeaD"],"settings":{"caption":"Our Services","text_style":"subtitle","main_title":"Quick And Trusted Repairs <br> For Your Device.","heading_size":"h0","heading_align":"center","color_scheme":"background-1","container_type":"container","image_width":"full","image_ratio":"adapt","columns_desktop":3,"column_alignment":"left","background_style":"none","column_padding":"padding","button_label":"","button_link":"","columns_mobile":"1","counter_show":true,"padding_top":95,"padding_bottom":85,"mobile_padding_top":55,"mobile_padding_bottom":35}},"video_rDR9M9":{"type":"video","settings":{"cover_image":"shopify:\/\/shop_images\/MG_2238.jpg","color_scheme":"","height":"adapt","image_overlay_opacity":10,"heading":"Why Choose Us?","heading_size":"large","desctext":"<p>We do fast phone repair. In most cases, technicians will be able to repair your device in just minutes<\/p>","button_text":"","button_icon":false,"link_target":"_blank","button_link":"","enable_border":true,"video_url":"https:\/\/www.youtube.com\/watch?v=_9VUPq3SxOc","description":"","video_sound":false,"play_button_text":"","video_icon_position":"bottom--left","full_width":false,"service_block":true,"service_1_image":"shopify:\/\/shop_images\/calendar.png","service1_title_text":"Same Day Repairs","service1_desc_text":"When your phone breaks, you don’t want it fixed tomorrow—you need it fixed today.","service_2_image":"shopify:\/\/shop_images\/money-bag_1.png","service2_title_text":"Low Price Guarantee","service2_desc_text":"Repairing beats replacing, and neonix team beats other phone repair companies.","padding_top":0,"padding_bottom":100,"mobile_padding_top":0,"mobile_padding_bottom":55}}},"order":["breadcrumbs","main","multicolumn_ntBPkB","video_rDR9M9"]}