{"sections":{"breadcrumbs":{"type":"breadcrumbs","settings":{"color_scheme":"background-2","container_type":"container","show_page_title":false,"show_breadcrumb_navigation":true,"text_center":"left","padding_top":50,"padding_bottom":50,"mobile_padding_top":25,"mobile_padding_bottom":25}},"main":{"type":"main-page","disabled":true,"settings":{"heading":true,"color_scheme":"inverse","padding_top":55,"padding_bottom":95,"mobile_padding_top":0,"mobile_padding_bottom":0}},"form":{"type":"contact-form","blocks":{"contact_list_wXkEPV":{"type":"contact_list","settings":{"heading":"Adresse e-mail","text":"<h5><strong>macplusfrance@icloud.com<\/strong><\/h5>"}},"contact_list_XLUy64":{"type":"contact_list","settings":{"heading":"Téléphone","text":"<h5><strong>+33 (06)6 22 67 84 25<\/strong><\/h5>"}},"contact_list_rfjPHg":{"type":"contact_list","settings":{"heading":"adresse","text":"<h5><strong>153 Rue Jean Jaurès, Villejuif, France<\/strong><\/h5>"}}},"block_order":["contact_list_wXkEPV","contact_list_XLUy64","contact_list_rfjPHg"],"settings":{"heading":"Une question sur un Mac, un appareil photo ou une configuration ?","description":"<p>Besoin d’un conseil avant d’acheter ? Une question technique, un doute sur la compatibilité ou un projet professionnel ? L’équipe Macplus vous répond avec précision et transparence, avant et après votre achat<\/p>","color_scheme":"background-1","container_type":"container","full_width":false,"heading_tag":"h1","heading_size":"h1","alignment":"center","button_type":"primary","form_color_scheme":"scheme-a343ce79-5123-420f-8efd-48e3252818eb","padding_top":100,"padding_bottom":100,"mobile_padding_top":55,"mobile_padding_bottom":0}},"1649317856167b9ecf":{"type":"google-map","settings":{"container_type":"container","color_scheme":"background-1","image_height":"medium","map":"<div class=\"mapouter\">\n  <div class=\"gmap_canvas\">\n    <iframe class=\"gmap_iframe\" frameborder=\"0\" scrolling=\"no\" marginheight=\"0\" marginwidth=\"0\" src=\"https:\/\/maps.google.com\/maps?hl=en&q=Une%20question%20sur%20un%20Mac,%20un%20appareil%20photo%20ou%20une%20configuration%20?&t=&z=14&ie=UTF8&iwloc=B&output=embed\">\n    <\/iframe>\n  <\/div>\n\n  <style>\n    .mapouter{\n      position:relative;\n      width:100%;\n      height:400px;\n    }\n\n    .gmap_canvas{\n      overflow:hidden;\n      background:none!important;\n      width:100%;\n      height:100%;\n    }\n\n    .gmap_iframe{\n      width:100%!important;\n      height:100%!important;\n    }\n  <\/style>\n<\/div>","padding_top":0,"padding_bottom":0,"mobile_padding_top":60,"mobile_padding_bottom":55}}},"order":["breadcrumbs","main","form","1649317856167b9ecf"]}