{"layout":"password","sections":{"1639820387decb2d17":{"type":"main-password","settings":{"password_heading":"Website is coming soon","password_description":"<p>Successful companies need time to embed themselves in people's minds. In a magazine, there's a blurb. An article in the newspaper. A remark made by a buddy.<\/p>","color_scheme":"background-2","newsletter_heading":"Subscribe to our newsletter","show_nesletter":true,"password_text":"Enter store using password:","show_password":true}}},"order":["1639820387decb2d17"]}