{"type":"header","name":"t:sections.header.name","sections":{"announcement_bar_FqUCL8":{"type":"announcement-bar","blocks":{"information_txt_QrRQCm":{"type":"information_txt","settings":{"info_txt":"Machines d’exception, reconditionnées avec une précision d’atelier"}}},"block_order":["information_txt_QrRQCm"],"settings":{"header_top_enable":true,"color_scheme":"scheme-ef8ab2e6-6488-4a4c-a71b-339b3d2ad1c0","show_separator_line":false,"show_social":false,"icon":"phone","header_linklist_title_1":"+33 (0)6 22 67 84 25","header_linklist_url_1":"","icon_2":"email","header_linklist_title_2":"macplusfrance@icloud.com","header_linklist_url_2":"","enable_country_selector":true,"enable_language_selector":true,"section_padding_top":20,"section_padding_bottom":20}},"header":{"type":"header","blocks":{"mega_menu_with_banner_G4kDFJ":{"type":"mega-menu-with-banner","settings":{"heading":"Shop","height":"square","promo1_heading":"Up to 50% Off On Select Item","promo1_text":"","promo1_link":"shopify:\/\/collections\/eye-shadows","height_2":"adapt","promo2_heading":"","promo2_text":"","promo2_link":"shopify:\/\/collections\/all","height_3":"adapt","promo3_heading":"","promo3_text":"","promo3_link":""}},"mega_menu_with_collection_qbjAEx":{"type":"mega-menu-with-collection","settings":{"heading":"Categories","image_ratio":"square","title_position":"full--center","collection_1":"accessories","collection_2":"mini-speakers"}}},"block_order":["mega_menu_with_banner_G4kDFJ","mega_menu_with_collection_qbjAEx"],"settings":{"container":"container","logo":"shopify:\/\/shop_images\/Logo_principal_1.png","logo_width":250,"logo_position":"middle_left","menu":"main-menu","menu_position":"center","header_sticky":true,"show_normal_btn":false,"askqustion":"Ask Questions?","phone_nmbr":"+1-800-1234567","btn__txt":"Get a Quote","btn___url":"#","show_wishlist":true,"show_cart":true,"show_search":true,"user_icon":false,"color_scheme":"background-1","transparent_header":false,"transparent_color_foreground":"#121212","drawer_menu":false,"drawer-menu":"main-menu","color_foreground":"#121212","color_background":"#ffffff","submenu_color_scheme":"scheme-98fe9495-d4e3-4712-9cb7-8d5dfbf5d753"}}},"order":["announcement_bar_FqUCL8","header"]}