{"current":{"favicon":"shopify:\/\/shop_images\/favicon_5.png","currency_code_enabled":true,"back_top_enable":false,"enable_rtl":false,"langauges_rtl":"","type_body_font":"dm_sans_n4","body_custom_fonts_type":false,"body_custom_fonts_url":"","body_custom_font_width_select":"500","body_font_size":105,"body_letter_spacing":0,"type_header_font":"bebas_neue_n4","heading_custom_fonts_type":false,"heading_custom_font_url":"https:\/\/cdn.shopify.com\/s\/files\/1\/0837\/3059\/6129\/files\/Jost-Bold.ttf?v=1707985243@600@Jost&&https:\/\/cdn.shopify.com\/s\/files\/1\/0837\/3059\/6129\/files\/Jost-Regular.ttf?v=1707985649@500@Jost","heading_custom_font_width_select":"600","heading_font_size":115,"heading_letter_spacing":1,"container_lg_width":1440,"image_ratio":"square","show_secondary_image":true,"show_badges":false,"show_cart_button":false,"show_quick_view_button":false,"show_countdown":false,"show_price":true,"show_vendor":false,"show_product_description":false,"show_product_rating":false,"product_cart_button_style":"show-on-hover","product_card_corner_radius":15,"product_title_size":"h4","product_content_alignment":"center","badge_style":"style2","sale_percentage_show":true,"sale_text_show":false,"sale_badge_color_scheme":"scheme-b84ec59d-d4ef-41c8-8edb-e8a0f1c50267","new_badge_color_scheme":"background-1","sold_out_badge_color_scheme":"inverse","quick_color_scheme":"background-1","varian_picker":"button","show_compare_view_button":false,"show_wishlist_button":true,"show_color_swatch":false,"color_option_style":"image","color_swatch_activation":"Color","color_swatches_number_of_item":3,"color_option_design":"square","button_font_size":100,"button_border_width":1,"button_border_radius":5,"button_letter_spacing":1,"button_text_case":"capitalize","social_twitter_link":"https:\/\/twitter.com","social_twitter_color":"#121212","social_facebook_link":"https:\/\/facebook.com\/shopify","social_facebook_color":"#121212","social_pinterest_link":"#","social_pinterest_color":"#121212","social_instagram_link":"#","social_instagram_color":"#121212","social_tiktok_link":"","social_tiktok_color":"#121212","social_tumblr_link":"","social_tumblr_color":"#121212","social_snapchat_link":"#","social_snapchat_color":"#121212","social_youtube_link":"","social_youtube_color":"#121212","social_vimeo_link":"","social_vimeo_color":"#121212","cart_color_scheme":"background-1","cart_type":"drawer","show_vendor_cart_drawer":true,"cart_note_enable":true,"shipping_calc_enable":true,"checkout_btn_enable":true,"continue_shopping_enable":true,"predictive_search_enabled":true,"predictive_search_show_vendor":true,"customer_color_scheme":"background-1","sparetor_top_bottom":true,"account_page_title_padding_top":35,"account_page_title_padding_bottom":35,"choose_options_name":"Color","enable_color_swatches":true,"color_swatches_input_text":"Color","checkout_logo_image":"shopify:\/\/shop_images\/logo.png","checkout_accent_color":"#9bb18f","checkout_button_color":"#9bb18f","color_swatches":true,"max_swatches_show":2,"color_swatch_type":"color","badge_custom_color":false,"colors_accent_1":"#121212","colors_solid_button_labels":"#ffffff","colors_text":"#000000","colors_text_link_hover":"#d3122a","colors_accent_2":"#d3122a","colors_outline_button_labels":"#131313","colors_background_1":"#ffffff","colors_background_2":"#f6f6f6","cart_button_style":"style2","cart_button_positon":"top_right","cart_button_color_scheme":"background-2","cart_icon_button_color_scheme":"2","show_cart_icon_mobile":true,"badge_position":"top-left","timer_color_scheme":"background-1","place_timer_on_image":true,"show_variant_options":false,"pcard_option_display":"1_option","pcard_option_design":"button","product_option_values_limit":3,"page_width":"1200","show_rating":true,"sections":{"email-popup":{"type":"email-popup","blocks":{"eb56f15b-f354-4209-abed-f7b80d8d9f42":{"type":"heading","settings":{"heading":"Get 10% off your first order when you sign up.","heading_size":"h3"}},"4dda25c1-064e-4ca9-8411-ecdc29d3f5f3":{"type":"text","settings":{"richtext":"<p>Sign up for our newsletter to be the first to learn about new arrivals, special promotions, and online exclusives.<\/p>"}},"9e0b08e6-7406-49b8-9698-948309b4e3e2":{"type":"email_form","settings":{"richtext":"<p>*By submitting this form, you agree to receive our emails.<\/p>","button_full":false}}},"block_order":["eb56f15b-f354-4209-abed-f7b80d8d9f42","4dda25c1-064e-4ca9-8411-ecdc29d3f5f3","9e0b08e6-7406-49b8-9698-948309b4e3e2"],"settings":{"display":"disable","show_home_page":true,"show_visitors":true,"delay":10,"dont_show":true,"expire":7,"popup_position":"left","popup_width":"medium","alignment":"left","image_position":"left","full--bg-image":false,"image_overlay_opacity":70,"background_color":"#ffffff","foreground_color":"#121212","button_background":"#00d1ff","button_foreground":"#ffffff","hover_button_background":"#9bb18f","hover_button_foreground":"#ffffff"}},"password-footer":{"type":"password-footer","settings":{"color_scheme":"background-1","border_top":true}},"color-swatches":{"type":"color-swatches","settings":{}}},"content_for_index":[],"color_schemes":{"background-1":{"settings":{"background":"#ffffff","background_gradient":"","text":"#181a17","button":"#00d1ff","button_label":"#000000","secondary_button_bg":"#ffffff","secondary_button_label":"#181a17","outline_button":"#181a17","outline_button_light":"#ffffff","outline_button_dark":"#181a17","button_link":"#181a17","shadow":"#181a17"}},"background-2":{"settings":{"background":"#f8f8f8","background_gradient":"","text":"#181a17","button":"#00d1ff","button_label":"#ffffff","secondary_button_bg":"#ffffff","secondary_button_label":"#181a17","outline_button":"#181a17","outline_button_light":"#ffffff","outline_button_dark":"#181a17","button_link":"#181a17","shadow":"#181a17"}},"inverse":{"settings":{"background":"#181a17","background_gradient":"","text":"#ffffff","button":"#ffffff","button_label":"#181a17","secondary_button_bg":"#ffffff","secondary_button_label":"#181a17","outline_button":"#181a17","outline_button_light":"#ffffff","outline_button_dark":"#181a17","button_link":"#181a17","shadow":"#333333"}},"accent-1":{"settings":{"background":"#121212","background_gradient":"","text":"#ffffff","button":"#00d1ff","button_label":"#ffffff","secondary_button_bg":"#ffffff","secondary_button_label":"#ffffff","outline_button":"#51ade5","outline_button_light":"#ffffff","outline_button_dark":"#121212","button_link":"#121212","shadow":"#121212"}},"accent-2":{"settings":{"background":"#ffffff","background_gradient":"","text":"#121212","button":"#00d1ff","button_label":"#ffffff","secondary_button_bg":"#ffffff","secondary_button_label":"#f5f5f5","outline_button":"#121212","outline_button_light":"#ffffff","outline_button_dark":"#121212","button_link":"#121212","shadow":"#121212"}},"scheme-68712f09-164f-4499-b1c5-6cc4fc176351":{"settings":{"background":"#000000","background_gradient":"","text":"#ffffff","button":"#ffffff","button_label":"#ffffff","secondary_button_bg":"#ffffff","secondary_button_label":"#ffffff","outline_button":"#ffffff","outline_button_light":"#ffffff","outline_button_dark":"#ffffff","button_link":"#ffffff","shadow":"#ffffff"}},"scheme-ca95387a-af99-4c29-9987-e8484945ba9e":{"settings":{"background":"#ffffff","background_gradient":"","text":"#121212","button":"#00d1ff","button_label":"#ffffff","secondary_button_bg":"#ffffff","secondary_button_label":"#121212","outline_button":"#121212","outline_button_light":"#ffffff","outline_button_dark":"#121212","button_link":"#121212","shadow":"#121212"}},"scheme-a343ce79-5123-420f-8efd-48e3252818eb":{"settings":{"background":"#f3f3f3","background_gradient":"","text":"#121212","button":"#00d1ff","button_label":"#ffffff","secondary_button_bg":"#ffffff","secondary_button_label":"#121212","outline_button":"#121212","outline_button_light":"#ffffff","outline_button_dark":"#121212","button_link":"#121212","shadow":"#121212"}},"scheme-98fe9495-d4e3-4712-9cb7-8d5dfbf5d753":{"settings":{"background":"#ffffff","background_gradient":"","text":"#121212","button":"#121212","button_label":"#ffffff","secondary_button_bg":"#ffffff","secondary_button_label":"#121212","outline_button":"#121212","outline_button_light":"#ffffff","outline_button_dark":"#121212","button_link":"#121212","shadow":"#121212"}},"scheme-4233f295-03ec-4fc9-97ff-27d62b4d46a7":{"settings":{"background":"#121212","background_gradient":"","text":"#ffffff","button":"#ffffff","button_label":"#000000","secondary_button_bg":"#ffffff","secondary_button_label":"#ffffff","outline_button":"#121212","outline_button_light":"#ffffff","outline_button_dark":"#121212","button_link":"#121212","shadow":"#121212"}},"scheme-ddfb9831-1628-4c6b-8fa0-df990ecd6ce8":{"settings":{"background":"#f8f8f8","background_gradient":"","text":"#181a17","button":"#00d1ff","button_label":"#ffffff","secondary_button_bg":"#ffffff","secondary_button_label":"#ffffff","outline_button":"#ffffff","outline_button_light":"#121212","outline_button_dark":"#121212","button_link":"#121212","shadow":"#121212"}},"scheme-b84ec59d-d4ef-41c8-8edb-e8a0f1c50267":{"settings":{"background":"#00d1ff","background_gradient":"","text":"#ffffff","button":"#ffffff","button_label":"#181a17","secondary_button_bg":"#ffffff","secondary_button_label":"#121212","outline_button":"#121212","outline_button_light":"#ffffff","outline_button_dark":"#121212","button_link":"#121212","shadow":"#121212"}},"scheme-22116b20-441d-495f-815b-c6ff12acabed":{"settings":{"background":"#f4f6f6","background_gradient":"","text":"#181a17","button":"#00d1ff","button_label":"#ffffff","secondary_button_bg":"#00d1ff","secondary_button_label":"#ffffff","outline_button":"#121212","outline_button_light":"#ffffff","outline_button_dark":"#121212","button_link":"#acc9fa","shadow":"#121212"}},"scheme-ea832c1c-b50f-4c73-b3df-5394d93e15ae":{"settings":{"background":"#b5f41a","background_gradient":"","text":"#ec5598","button":"#ec5598","button_label":"#ffffff","secondary_button_bg":"#ffffff","secondary_button_label":"#121212","outline_button":"#b5f41a","outline_button_light":"#ffffff","outline_button_dark":"#b5f41a","button_link":"#b5f41a","shadow":"#121212"}},"scheme-e1afb5fa-1fa6-482d-8070-cfef84edff94":{"settings":{"background":"#d6c408","background_gradient":"","text":"#121212","button":"#ec5598","button_label":"#ffffff","secondary_button_bg":"#ffffff","secondary_button_label":"#121212","outline_button":"#121212","outline_button_light":"#ffffff","outline_button_dark":"#121212","button_link":"#121212","shadow":"#121212"}},"scheme-46048d47-3372-4bc8-b034-77b41ec8bd16":{"settings":{"background":"#c9a992","background_gradient":"","text":"#121212","button":"#ec5598","button_label":"#ffffff","secondary_button_bg":"#ffffff","secondary_button_label":"#121212","outline_button":"#121212","outline_button_light":"#ffffff","outline_button_dark":"#121212","button_link":"#121212","shadow":"#121212"}},"scheme-ef8ab2e6-6488-4a4c-a71b-339b3d2ad1c0":{"settings":{"background":"#022335","background_gradient":"","text":"#ffffff","button":"#ffffff","button_label":"#022335","secondary_button_bg":"#ffffff","secondary_button_label":"#181a17","outline_button":"#181a17","outline_button_light":"#ffffff","outline_button_dark":"#181a17","button_link":"#181a17","shadow":"#181a17"}},"scheme-6cd9bde5-0611-4b9b-8372-c8d571f2d8f0":{"settings":{"background":"#ffffff","background_gradient":"","text":"#ffffff","button":"#00d1ff","button_label":"#022335","secondary_button_bg":"#022335","secondary_button_label":"#ffffff","outline_button":"#ffffff","outline_button_light":"#ffffff","outline_button_dark":"#181a17","button_link":"#181a17","shadow":"#181a17"}}}},"presets":{"Default":{"color_schemes":{"background-1":{"settings":{"background":"#FFFFFF","background_gradient":"","text":"#121212","button":"#121212","button_label":"#FFFFFF","secondary_button_label":"#121212","shadow":"#121212"}},"background-2":{"settings":{"background":"#F3F3F3","background_gradient":"","text":"#121212","button":"#121212","button_label":"#F3F3F3","secondary_button_label":"#121212","shadow":"#121212"}},"inverse":{"settings":{"background":"#242833","background_gradient":"","text":"#FFFFFF","button":"#FFFFFF","button_label":"#000000","secondary_button_label":"#FFFFFF","shadow":"#121212"}},"accent-1":{"settings":{"background":"#121212","background_gradient":"","text":"#FFFFFF","button":"#FFFFFF","button_label":"#121212","secondary_button_label":"#FFFFFF","shadow":"#121212"}},"accent-2":{"settings":{"background":"#334FB4","background_gradient":"","text":"#FFFFFF","button":"#FFFFFF","button_label":"#334FB4","secondary_button_label":"#FFFFFF","shadow":"#121212"}}},"colors_solid_button_labels":"#FFFFFF","colors_accent_1":"#121212","colors_accent_2":"#334FB4","colors_text":"#121212","colors_outline_button_labels":"#121212","colors_background_1":"#FFFFFF","colors_background_2":"#F3F3F3","type_header_font":"assistant_n4","type_body_font":"assistant_n4"}}}